[{"jid":"5516999469735@s.whatsapp.net","xp":199314,"level":6},{"jid":"556899254600@s.whatsapp.net","xp":25500,"level":3},{"jid":"5517988258988@s.whatsapp.net","xp":2000,"level":1},{"jid":"556184846171@s.whatsapp.net","xp":123000,"level":5},{"jid":"554998022635@s.whatsapp.net","xp":210000,"level":6},{"jid":"351926742410@s.whatsapp.net","xp":33000,"level":3},{"jid":"5511954353926@s.whatsapp.net","xp":134186,"level":5},{"jid":"5511937432661@s.whatsapp.net","xp":479000,"level":7},{"jid":"558897287352@s.whatsapp.net","xp":77500,"level":4},{"jid":"557398026471@s.whatsapp.net","xp":22500,"level":3},{"jid":"558187965442@s.whatsapp.net","xp":25000,"level":3},{"jid":"5517996468459@s.whatsapp.net","xp":12000,"level":2},{"jid":"558694359591@s.whatsapp.net","xp":17000,"level":2},{"jid":"555181069675@s.whatsapp.net","xp":19000,"level":2},{"jid":"559291037855@s.whatsapp.net","xp":61000,"level":4},{"jid":"554888112169@s.whatsapp.net","xp":27000,"level":3},{"jid":"557588268351@s.whatsapp.net","xp":46500,"level":4},{"jid":"558896805372@s.whatsapp.net","xp":5500,"level":1},{"jid":"555181682189@s.whatsapp.net","xp":18500,"level":2},{"jid":"555189751400@s.whatsapp.net","xp":37500,"level":3},{"jid":"5511967675358@s.whatsapp.net","xp":4000,"level":1}]