[{"numero":"5516999469735","name":"Pedro tosvask","idade":"18","Nome_do_grupo":"Grupo de test ALBION DES","time1":"05/06 13:52:14","contype":"0","desc":"Não registrado","id":0,"levelcom":"45"},{"numero":"556899254600","name":"Fucorno","idade":"11","Nome_do_grupo":"Grupo de test ALBION DES","time1":"05/06 14:48:27","contype":"0","desc":"Não registrado","id":1,"levelcom":"0"},{"numero":"5511954353926","name":"vinin","idade":"12","Nome_do_grupo":"Grupo da igreja✨🛐","time1":"09/06 21:39:13","contype":"0","desc":"Não registrado","id":2,"levelcom":"0"},{"numero":"5511937432661","name":"thaylor","idade":"12","Nome_do_grupo":"Grupo da igreja✨🛐","time1":"09/06 21:40:38","contype":"0","desc":"Não registrado","id":3,"levelcom":"0"},{"numero":"554998022635","name":"Larissa","idade":"13","Nome_do_grupo":"Grupo da igreja✨🛐","time1":"09/06 21:41:18","contype":"0","desc":"Não registrado","id":4,"levelcom":"0"},{"numero":"5517988258988","name":"Nina","idade":"12","Nome_do_grupo":"Grupo da igreja✨🛐","time1":"09/06 21:45:43","contype":"0","desc":"Não registrado","id":5,"levelcom":"0"},{"numero":"556184846171","name":"davi","idade":"12","Nome_do_grupo":"Grupo da igreja✨🛐","time1":"09/06 21:51:25","contype":"0","desc":"Não registrado","id":6,"levelcom":"0"},{"numero":"351926742410","name":"sonia","idade":"14","Nome_do_grupo":"Grupo da igreja✨🛐","time1":"09/06 21:52:01","contype":"0","desc":"Não registrado","id":7,"levelcom":"0"},{"numero":"558897287352","name":"wedson","idade":"13","Nome_do_grupo":"Grupo da igreja✨🛐","time1":"09/06 22:07:43","contype":"0","desc":"Não registrado","id":8,"levelcom":"0"},{"numero":"559189022086","name":"Smigle","idade":"19","Nome_do_grupo":"__Python__iniciantes","time1":"09/06 22:55:04","contype":"0","desc":"Não registrado","id":9,"levelcom":"0"},{"numero":"557398026471","name":"Paulo","idade":"20","Nome_do_grupo":"T. I. & Programmers","time1":"10/06 00:09:54","contype":"0","desc":"Não registrado","id":10,"levelcom":"0"},{"numero":"558187965442","name":"Vinicio","idade":"16","Nome_do_grupo":"","time1":"10/06 22:11:11","contype":"0","desc":"Não registrado","id":11,"levelcom":"45"},{"numero":"558188425386","name":"Guxta","idade":"16","Nome_do_grupo":"Não falou, rodou🙅🏽‍♂️❌","time1":"10/06 22:38:09","contype":"0","desc":"Não registrado","id":12,"levelcom":"0"},{"numero":"5517996468459","name":"jhon","idade":"16","Nome_do_grupo":"➀⊸🏛️Aʟʙɪᴏɴ Dᴇsᴇɴᴠᴏʟᴠᴇᴅᴏʀ🏛️","time1":"10/06 22:53:26","contype":"0","desc":"Não registrado","id":13,"levelcom":"0"},{"numero":"558694359591","name":"ravena","idade":"22","Nome_do_grupo":"➀⊸🏛️Aʟʙɪᴏɴ Dᴇsᴇɴᴠᴏʟᴠᴇᴅᴏʀ🏛️","time1":"10/06 22:57:45","contype":"0","desc":"Não registrado","id":14,"levelcom":"0"},{"numero":"555181069675","name":"yan seu gostoso ","idade":"23","Nome_do_grupo":"➀⊸🏛️Aʟʙɪᴏɴ Dᴇsᴇɴᴠᴏʟᴠᴇᴅᴏʀ🏛️","time1":"10/06 23:12:24","contype":"0","desc":"Não registrado","id":15,"levelcom":"45"},{"numero":"559291037855","name":"sophia","idade":"14","Nome_do_grupo":"ninhada de rato","time1":"11/06 00:03:29","contype":"0","desc":"Não registrado","id":16,"levelcom":"0"},{"numero":"554888112169","name":"Camilla","idade":"14","Nome_do_grupo":"ninhada de rato","time1":"11/06 00:05:16","contype":"0","desc":"Não registrado","id":17,"levelcom":"0"},{"numero":"557588268351","name":"baianapetista","idade":"15","Nome_do_grupo":"ninhada de rato","time1":"11/06 00:05:35","contype":"0","desc":"Não registrado","id":18,"levelcom":"0"},{"numero":"558896805372","name":"Kazz/","idade":"18","Nome_do_grupo":"ninhada de rato","time1":"11/06 00:36:01","contype":"0","desc":"Não registrado","id":19,"levelcom":"0"},{"numero":"555181682189","name":"Robert","idade":"16","Nome_do_grupo":"ninhada de rato","time1":"11/06 17:46:16","contype":"0","desc":"Não registrado","id":20,"levelcom":"0"},{"numero":"555189751400","name":"Amy","idade":"14","Nome_do_grupo":"ninhada de rato","time1":"11/06 18:33:57","contype":"0","desc":"Não registrado","id":21,"levelcom":"0"},{"numero":"5511988985726","name":"leo","idade":"19","Nome_do_grupo":"⁽ 🇯🇵 ⁾ ❚ ⍺𝗇ꪱꭑᧉ𝘀ᧉk𝗮ꪱ™","time1":"11/06 19:16:25","contype":"0","desc":"Não registrado","id":22,"levelcom":"0"},{"numero":"558182168614","name":"Heitor","idade":"17","Nome_do_grupo":"Não falou, rodou🙅🏽‍♂️❌","time1":"11/06 19:20:27","contype":"0","desc":"Não registrado","id":23,"levelcom":"0"},{"numero":"553599722848","name":"Eduardo","idade":"18","Nome_do_grupo":"BR. Divulgações","time1":"11/06 19:50:28","contype":"0","desc":"Não registrado","id":24,"levelcom":"0"},{"numero":"5511967675358","name":"lino","idade":"18","Nome_do_grupo":"ninhada de rato","time1":"13/06 22:33:23","contype":"0","desc":"Não registrado","id":25,"levelcom":"0"}]