[{"jid":"5516999469735@s.whatsapp.net","xp":115314,"level":5},{"jid":"556899254600@s.whatsapp.net","xp":22500,"level":3},{"jid":"5517988258988@s.whatsapp.net","xp":1000,"level":1},{"jid":"556184846171@s.whatsapp.net","xp":116000,"level":5},{"jid":"554998022635@s.whatsapp.net","xp":93000,"level":5},{"jid":"351926742410@s.whatsapp.net","xp":23000,"level":3},{"jid":"5511954353926@s.whatsapp.net","xp":94186,"level":5},{"jid":"5511937432661@s.whatsapp.net","xp":473000,"level":7},{"jid":"558897287352@s.whatsapp.net","xp":64000,"level":4},{"jid":"557398026471@s.whatsapp.net","xp":19500,"level":2}]