[{"numero":"5516999469735","name":"Pedro tosvask","idade":"18","Nome_do_grupo":"Grupo de test ALBION DES","time1":"05/06 13:52:14","contype":"0","desc":"Não registrado","id":0,"levelcom":"45"},{"numero":"556899254600","name":"Fucorno","idade":"11","Nome_do_grupo":"Grupo de test ALBION DES","time1":"05/06 14:48:27","contype":"0","desc":"Não registrado","id":1,"levelcom":"0"},{"numero":"5511954353926","name":"vinin","idade":"12","Nome_do_grupo":"Grupo da igreja✨🛐","time1":"09/06 21:39:13","contype":"0","desc":"Não registrado","id":2,"levelcom":"0"},{"numero":"5511937432661","name":"thaylor","idade":"12","Nome_do_grupo":"Grupo da igreja✨🛐","time1":"09/06 21:40:38","contype":"0","desc":"Não registrado","id":3,"levelcom":"0"},{"numero":"554998022635","name":"Larissa","idade":"13","Nome_do_grupo":"Grupo da igreja✨🛐","time1":"09/06 21:41:18","contype":"0","desc":"Não registrado","id":4,"levelcom":"0"},{"numero":"5517988258988","name":"Nina","idade":"12","Nome_do_grupo":"Grupo da igreja✨🛐","time1":"09/06 21:45:43","contype":"0","desc":"Não registrado","id":5,"levelcom":"0"},{"numero":"556184846171","name":"davi","idade":"12","Nome_do_grupo":"Grupo da igreja✨🛐","time1":"09/06 21:51:25","contype":"0","desc":"Não registrado","id":6,"levelcom":"0"},{"numero":"351926742410","name":"sonia","idade":"14","Nome_do_grupo":"Grupo da igreja✨🛐","time1":"09/06 21:52:01","contype":"0","desc":"Não registrado","id":7,"levelcom":"0"},{"numero":"558897287352","name":"wedson","idade":"13","Nome_do_grupo":"Grupo da igreja✨🛐","time1":"09/06 22:07:43","contype":"0","desc":"Não registrado","id":8,"levelcom":"0"},{"numero":"559189022086","name":"Smigle","idade":"19","Nome_do_grupo":"__Python__iniciantes","time1":"09/06 22:55:04","contype":"0","desc":"Não registrado","id":9,"levelcom":"0"},{"numero":"557398026471","name":"Paulo","idade":"20","Nome_do_grupo":"T. I. & Programmers","time1":"10/06 00:09:54","contype":"0","desc":"Não registrado","id":10,"levelcom":"0"}]